{"id":"4a37d3f1-59f4-4bc4-8728-5ef6128bbdef","name":"use-model","description":"","settings":{"global":{"executionMode":"marathon","driverDockerImage":"{{{SparkConfigurations.SPARK_DRIVER_DOCKER_IMAGE}}}","driverDockerVolumes":"{{{SparkConfigurations.SPARK_DRIVER_DOCKER_VOLUMES}}}","executorDockerImage":"{{{SparkConfigurations.SPARK_EXECUTOR_DOCKER_IMAGE}}}","executorDockerVolumes":"{{{SparkConfigurations.SPARK_EXECUTOR_DOCKER_VOLUMES}}}","userPluginsJars":[],"preExecutionSqlSentences":[],"postExecutionSqlSentences":[],"mesosConstraintOperator":"CLUSTER","parametersLists":["Environment","SparkResources","SparkConfigurations"],"parametersUsed":["SparkConfigurations.SPARK_DRIVER_DOCKER_IMAGE","SparkConfigurations.SPARK_DRIVER_DOCKER_VOLUMES","SparkConfigurations.SPARK_DRIVER_JAVA_OPTIONS","SparkConfigurations.SPARK_DYNAMIC_ALLOCATION_EXECUTOR_ALLOCATION_RATIO","SparkConfigurations.SPARK_DYNAMIC_ALLOCATION_EXECUTOR_IDLE_TIMEOUT","SparkConfigurations.SPARK_DYNAMIC_ALLOCATION_MIN_EXECUTORS","SparkConfigurations.SPARK_DYNAMIC_ALLOCATION_SCHEDULER_BACKLOG_TIMEOUT","SparkConfigurations.SPARK_EXECUTOR_DOCKER_IMAGE","SparkConfigurations.SPARK_EXECUTOR_DOCKER_VOLUMES","SparkConfigurations.SPARK_EXECUTOR_EXTRA_JAVA_OPTIONS","SparkConfigurations.SPARK_HISTORY_SERVER_EVENT_LOG_ROTATE_NUM","SparkConfigurations.SPARK_HISTORY_SERVER_EVENT_LOG_ROTATE_SIZE","SparkConfigurations.SPARK_LOCALITY_WAIT","SparkConfigurations.SPARK_MEMORY_FRACTION","SparkConfigurations.SPARK_TASK_MAX_FAILURES","SparkResources.SPARK_CORES_MAX","SparkResources.SPARK_DRIVER_CORES","SparkResources.SPARK_DRIVER_MEMORY","SparkResources.SPARK_EXECUTOR_CORES","SparkResources.SPARK_EXECUTOR_MEMORY","SparkResources.SPARK_MESOS_SHUTDOWN"],"udfsToRegister":[],"udafsToRegister":[],"marathonDeploymentSettings":{"gracePeriodSeconds":"240","intervalSeconds":"30","timeoutSeconds":"20","maxConsecutiveFailures":"3","forcePullImage":true,"privileged":false,"userEnvVariables":[],"userLabels":[]},"enableQualityRules":true},"streamingSettings":{"window":"2s","backpressure":false,"blockInterval":"100ms","stopGracefully":true,"checkpointSettings":{"checkpointPath":"sparta/checkpoint","enableCheckpointing":true,"autoDeleteCheckpoint":true,"addTimeToCheckpointPath":false,"keepSameCheckpoint":false}},"sparkSettings":{"sparkKerberos":true,"sparkDataStoreTls":true,"sparkMesosSecurity":true,"submitArguments":{"userArguments":[],"deployMode":{},"driverJavaOptions":"{{{SparkConfigurations.SPARK_DRIVER_JAVA_OPTIONS}}}"},"sparkConf":{"sparkResourcesConf":{"coresMax":"{{{SparkResources.SPARK_CORES_MAX}}}","executorMemory":"{{{SparkResources.SPARK_EXECUTOR_MEMORY}}}","executorCores":"{{{SparkResources.SPARK_EXECUTOR_CORES}}}","driverCores":"{{{SparkResources.SPARK_DRIVER_CORES}}}","driverMemory":"{{{SparkResources.SPARK_DRIVER_MEMORY}}}","localityWait":"{{{SparkConfigurations.SPARK_LOCALITY_WAIT}}}","taskMaxFailures":"{{{SparkConfigurations.SPARK_TASK_MAX_FAILURES}}}","sparkMemoryFraction":"{{{SparkConfigurations.SPARK_MEMORY_FRACTION}}}","executorInstances":"1"},"sparkHistoryServerConf":{"enableHistoryServerMonitoring":false,"sparkHistoryServerEventLogRotateEnable":false,"sparkHistoryServerEventLogRotateNum":"{{{SparkConfigurations.SPARK_HISTORY_SERVER_EVENT_LOG_ROTATE_NUM}}}","sparkHistoryServerEventLogRotateSize":"{{{SparkConfigurations.SPARK_HISTORY_SERVER_EVENT_LOG_ROTATE_SIZE}}}"},"sparkDynamicAllocationConf":{"enableDynamicAllocation":false,"sparkDynamicAllocationExecutorIdleTimeout":"{{{SparkConfigurations.SPARK_DYNAMIC_ALLOCATION_EXECUTOR_IDLE_TIMEOUT}}}","sparkDynamicAllocationMinExecutors":"{{{SparkConfigurations.SPARK_DYNAMIC_ALLOCATION_MIN_EXECUTORS}}}","sparkDynamicAllocationExecutorAllocationRatio":"{{{SparkConfigurations.SPARK_DYNAMIC_ALLOCATION_EXECUTOR_ALLOCATION_RATIO}}}","sparkDynamicAllocationSchedulerBacklogTimeout":"{{{SparkConfigurations.SPARK_DYNAMIC_ALLOCATION_SCHEDULER_BACKLOG_TIMEOUT}}}","sparkDynamicAllocationVolumeShuffle":"/var/lib/spark_data"},"userSparkConf":[],"coarse":true,"sparkUser":"root","sparkVolumeShuffle":"/var/lib/spark_data_nodynamic","sparkKryoSerialization":false,"sparkSqlCaseSensitive":true,"logStagesProgress":false,"hdfsTokenCache":true,"executorExtraJavaOptions":"{{{SparkConfigurations.SPARK_EXECUTOR_EXTRA_JAVA_OPTIONS}}}","stopGracefullyTimeout":"{{{SparkResources.SPARK_MESOS_SHUTDOWN}}}"}},"errorsManagement":{"genericErrorManagement":{"whenError":"Error"},"transformationStepsManagement":{"whenError":"Error","whenRowError":"RowError","whenFieldError":"FieldError"},"transactionsManagement":{"sendToOutputs":[],"sendStepData":false,"sendPredecessorsData":true,"sendInputData":true}},"pythonEnvDefinition":{"definition":"name: rocket-default\n\nchannels:\n  - defaults\n\ndependencies:\n  - python=3.7.6\n  - pip=20.2.2\n  - pip:\n      - mlflow==1.11.0\n      - pyspark==2.4.4\n      - pyarrow==0.14.1\n      - scikit-learn==0.22.1\n\n"}},"pipelineGraph":{"nodes":[{"name":"Clients","stepType":"Input","className":"CrossdataInputStep","classPrettyName":"Crossdata","arity":["NullaryToNary"],"uiConfiguration":{"position":{"x":-2080.5242462158203,"y":-707.6271629333496}},"configuration":{"crossdata":"{\"database\":\"default\",\"table\":\"credit_risk_data\"}","debugOptions":"{\"description\":\"\",\"mockType\":\"SqlQuery\",\"mockMetadata\":{\"sqlQuery\":\"select * from default.client_credit_requests_today limit 90\",\"limit\":\"\"},\"properties\":{}}","errorTableName":"","priority":"50"},"supportedEngines":["Batch"],"executionEngine":"Batch","supportedDataRelations":["ValidData"],"lineageProperties":[],"outputsWriter":[]},{"name":"MlModel","stepType":"Transformation","className":"MlModelTransformStep","classPrettyName":"MlModel","arity":["UnaryToNary"],"description":"my wc model","uiConfiguration":{"position":{"x":-2079.4083557128906,"y":-577.431116104126}},"configuration":{"priority":"50","selectMlType":"MlModelAsset","_assetModelGroup":"/home/data-engineer-esrios","assetId":"4fbfe7a7-45a3-4480-a56a-26a9e2bb6c0f","inputSchemas":"[]","_assetModelName":"model","MlModelAux":"","errorTableName":"","useLatestVersion":true},"supportedEngines":["Batch","Streaming"],"executionEngine":"Batch","supportedDataRelations":["ValidData"],"lineageProperties":[],"outputsWriter":[]},{"name":"Casting","stepType":"Transformation","className":"CastingTransformStep","classPrettyName":"Casting","arity":["UnaryToNary"],"uiConfiguration":{"position":{"x":-2083.3917236328125,"y":-455.37217473983765}},"configuration":{"priority":"50","outputFieldsFrom":"FIELDS","inputSchemas":"[]","fields":[{"name":"featuresX","type":"string","nullable":true},{"name":"ID","type":"string","nullable":true}],"whenFieldError":"","errorTableName":"","whenRowError":""},"supportedEngines":["Streaming","Batch"],"executionEngine":"Batch","supportedDataRelations":["ValidData","DiscardedData"],"lineageProperties":[],"outputsWriter":[]},{"name":"Probability","stepType":"Transformation","className":"TriggerTransformStep","classPrettyName":"Trigger","arity":["NaryToNary"],"uiConfiguration":{"position":{"x":-2084.9066772460938,"y":-331.9166088104248}},"configuration":{"sql":"SELECT MlModel.*, c1.Probability \nFROM(\nSELECT ID, CAST(SUBSTRING(featuresX, locate(\"(\",featuresX)+1, locate(\")\",featuresX)-locate(\"(\",featuresX)-1) AS DOUBLE) AS Probability FROM Casting) AS c1\nLEFT JOIN MlModel \nON c1.ID=MlModel.ID","priority":"50","discardConditions":"[]","inputSchemas":"[]","errorTableName":"","executeSqlWhenEmpty":true},"supportedEngines":["Batch"],"executionEngine":"Batch","supportedDataRelations":["ValidData","DiscardedData"],"lineageProperties":[],"outputsWriter":[]},{"name":"DropColumns","stepType":"Transformation","className":"DropColumnsTransformStep","classPrettyName":"DropColumns","arity":["UnaryToNary"],"description":"Removiendo columnas","uiConfiguration":{"position":{"x":-1836.0576782226562,"y":-337.3413429260254}},"configuration":{"schema.fields":[{"name":"probability"},{"name":"rawPrediction"},{"name":"featuresX"},{"name":"features"}],"inputSchemas":"[]","errorTableName":"","priority":"50"},"supportedEngines":["Streaming","Batch"],"executionEngine":"Batch","supportedDataRelations":["ValidData"],"lineageProperties":[],"outputsWriter":[]},{"name":"Clients_External_Info","stepType":"Input","className":"CrossdataInputStep","classPrettyName":"Crossdata","arity":["NullaryToNary"],"uiConfiguration":{"position":{"x":-1845.3881225585938,"y":-494.89697647094727}},"configuration":{"crossdata":"{\"database\":\"default\",\"table\":\"client_external_info\"}","debugOptions":"{\"description\":\"\",\"mockType\":\"SqlQuery\",\"mockMetadata\":{\"sqlQuery\":\"select * from default.client_external_info limit 90\",\"limit\":\"\"},\"properties\":{}}","errorTableName":"","priority":"50"},"supportedEngines":["Batch"],"executionEngine":"Batch","supportedDataRelations":["ValidData"],"lineageProperties":[],"outputsWriter":[]},{"name":"Join","stepType":"Transformation","className":"TriggerTransformStep","classPrettyName":"Trigger","arity":["NaryToNary"],"uiConfiguration":{"position":{"x":-1625.3005981445312,"y":-419.4903907775879}},"configuration":{"sql":"SELECT table1.*, Clients_External_Info.LegalCase, Clients_External_Info.FraudSuspicion, Clients_External_Info.PoliceReport, Clients_External_Info.ContactAudit,\nClients_External_Info.UkvCheck, Clients_External_Info.AddressFraudCheck\nFROM DropColumns as table1\nLEFT JOIN Clients_External_Info \nON table1.ID=Clients_External_Info.ID","priority":"50","discardConditions":"[]","inputSchemas":"[]","errorTableName":"","executeSqlWhenEmpty":true},"supportedEngines":["Batch"],"executionEngine":"Batch","supportedDataRelations":["ValidData","DiscardedData"],"lineageProperties":[],"outputsWriter":[]},{"name":"Persist","stepType":"Transformation","className":"PersistTransformStep","classPrettyName":"Persist","arity":["UnaryToNary"],"uiConfiguration":{"position":{"x":-1403.0386352539062,"y":-421.05527114868164}},"configuration":{"storageLevel":"MEMORY_AND_DISK","inputSchemas":"[]","errorTableName":"","priority":"50"},"supportedEngines":["Streaming","Batch"],"executionEngine":"Batch","supportedDataRelations":["ValidData"],"lineageProperties":[],"outputsWriter":[{"saveMode":"Overwrite","outputStepName":"Scoring","tableName":"Scoring_es","discardTableName":"","extraOptions":{"checkIfEmpty":"","partitionBy":"","partitionOverwriteEnabled":false,"partitionColumns":"","saveMode":"Overwrite","partitions":""}},{"saveMode":"Overwrite","outputStepName":"Scoringmodel","tableName":"Scoring_es","discardTableName":"","extraOptions":{"checkIfEmpty":"","partitionBy":"","partitionOverwriteEnabled":false,"partitionColumns":"","saveMode":"Overwrite","partitions":""}}]},{"name":"Repartition","stepType":"Transformation","className":"RepartitionTransformStep","classPrettyName":"Repartition","arity":[],"uiConfiguration":{"position":{"x":-1094.0050659179688,"y":-402.0492286682129}},"configuration":{"priority":"50","inputSchemas":"[]","columns":"[]","errorTableName":"","partitions":"2"},"supportedEngines":["Streaming","Batch"],"executionEngine":"Batch","supportedDataRelations":["ValidData"],"lineageProperties":[],"outputsWriter":[]},{"name":"Extrem_risk","stepType":"Transformation","className":"FilterTransformStep","classPrettyName":"Filter","arity":["UnaryToNary"],"description":"","uiConfiguration":{"position":{"x":-889.6165771484375,"y":-336.39307022094727}},"configuration":{"filterExp":"LegalCase = 1  OR FraudSuspicion = 1","inputSchemas":"[]","errorTableName":"","priority":"50"},"supportedEngines":["Streaming","Batch"],"executionEngine":"Batch","supportedDataRelations":["ValidData","DiscardedData"],"lineageProperties":[],"outputsWriter":[]},{"name":"ImpagoImpuestos","stepType":"Transformation","className":"FilterTransformStep","classPrettyName":"Filter","arity":["UnaryToNary"],"description":"","uiConfiguration":{"position":{"x":-890.1200561523438,"y":-153.09401321411133}},"configuration":{"filterExp":"UkvCheck = 1","inputSchemas":"[]","errorTableName":"","priority":"50"},"supportedEngines":["Streaming","Batch"],"executionEngine":"Batch","supportedDataRelations":["ValidData","DiscardedData"],"lineageProperties":[],"outputsWriter":[]},{"name":"RedUnion","stepType":"Transformation","className":"UnionTransformStep","classPrettyName":"Union","arity":["NaryToNary"],"uiConfiguration":{"position":{"x":-557.099853515625,"y":-195.4231300354004}},"configuration":{"inputSchemas":"[]","errorTableName":"","priority":"50"},"supportedEngines":["Streaming","Batch"],"executionEngine":"Batch","supportedDataRelations":["ValidData"],"lineageProperties":[],"outputsWriter":[]},{"name":"PoliceReport","stepType":"Transformation","className":"FilterTransformStep","classPrettyName":"Filter","arity":["UnaryToNary"],"description":"","uiConfiguration":{"position":{"x":-884.1888427734375,"y":21.88064193725586}},"configuration":{"filterExp":"PoliceReport = 1","inputSchemas":"[]","errorTableName":"","priority":"50"},"supportedEngines":["Streaming","Batch"],"executionEngine":"Batch","supportedDataRelations":["ValidData","DiscardedData"],"lineageProperties":[],"outputsWriter":[]},{"name":"ContactAudit","stepType":"Transformation","className":"FilterTransformStep","classPrettyName":"Filter","arity":["UnaryToNary"],"description":"Si el registro tiene registros en listas de fraude se categoriza a Amarillo ","uiConfiguration":{"position":{"x":-885.814453125,"y":179.66701889038086}},"configuration":{"filterExp":"ContactAudit = 1 OR AddressFraudCheck = 1","inputSchemas":"[]","errorTableName":"","priority":"50"},"supportedEngines":["Streaming","Batch"],"executionEngine":"Batch","supportedDataRelations":["ValidData","DiscardedData"],"lineageProperties":[],"outputsWriter":[]},{"name":"YellowUnion","stepType":"Transformation","className":"UnionTransformStep","classPrettyName":"Union","arity":["NaryToNary"],"uiConfiguration":{"position":{"x":-550.4651641845703,"y":-21.80881118774414}},"configuration":{"inputSchemas":"[]","errorTableName":"","priority":"50"},"supportedEngines":["Streaming","Batch"],"executionEngine":"Batch","supportedDataRelations":["ValidData"],"lineageProperties":[],"outputsWriter":[]},{"name":"Umbral_Credito","stepType":"Transformation","className":"FilterTransformStep","classPrettyName":"Filter","arity":["UnaryToNary"],"uiConfiguration":{"position":{"x":-536.1441612243652,"y":229.4642448425293}},"configuration":{"filterExp":"Probability = 1 and (Credit_amount > 1000 and Credit_amount < 4000) ","inputSchemas":"[]","errorTableName":"","priority":"50"},"supportedEngines":["Streaming","Batch"],"executionEngine":"Batch","supportedDataRelations":["ValidData","DiscardedData"],"lineageProperties":[],"outputsWriter":[]},{"name":"AddColumnRed","stepType":"Transformation","className":"AddColumnsTransformStep","classPrettyName":"AddColumns","arity":["UnaryToNary"],"uiConfiguration":{"position":{"x":-195.57272338867188,"y":-206.2728614807129}},"configuration":{"priority":"50","selectType":"COLUMNS","inputSchemas":"[]","columns":[{"field":"RiskLevel","query":"Red","type":"string"}],"errorTableName":""},"supportedEngines":["Streaming","Batch"],"executionEngine":"Batch","supportedDataRelations":["ValidData"],"lineageProperties":[],"outputsWriter":[]},{"name":"AddColumnYellow","stepType":"Transformation","className":"AddColumnsTransformStep","classPrettyName":"AddColumns","arity":["UnaryToNary"],"uiConfiguration":{"position":{"x":-200.82037353515625,"y":-61.07901382446289}},"configuration":{"priority":"50","selectType":"COLUMNS","inputSchemas":"[]","columns":[{"field":"RiskLevel","query":"Yellow","type":"string"}],"errorTableName":""},"supportedEngines":["Streaming","Batch"],"executionEngine":"Batch","supportedDataRelations":["ValidData"],"lineageProperties":[],"outputsWriter":[]},{"name":"AddColumnGreen","stepType":"Transformation","className":"AddColumnsTransformStep","classPrettyName":"AddColumns","arity":["UnaryToNary"],"uiConfiguration":{"position":{"x":-211.09967041015625,"y":73.19073104858398}},"configuration":{"priority":"50","selectType":"COLUMNS","inputSchemas":"[]","columns":[{"field":"RiskLevel","query":"Green","type":"string"}],"errorTableName":""},"supportedEngines":["Streaming","Batch"],"executionEngine":"Batch","supportedDataRelations":["ValidData"],"lineageProperties":[],"outputsWriter":[]},{"name":"Union","stepType":"Transformation","className":"UnionTransformStep","classPrettyName":"Union","arity":["NaryToNary"],"uiConfiguration":{"position":{"x":92.2152099609375,"y":-60.68216323852539}},"configuration":{"inputSchemas":"","priority":"50"},"supportedEngines":["Streaming","Batch"],"executionEngine":"Batch","supportedDataRelations":["ValidData"],"lineageProperties":[],"outputsWriter":[]},{"name":"Repartition_1","stepType":"Transformation","className":"RepartitionTransformStep","classPrettyName":"Repartition","arity":[],"uiConfiguration":{"position":{"x":382.2152099609375,"y":-60.68216323852539}},"configuration":{"priority":"50","inputSchemas":"[]","columns":"[]","errorTableName":"","partitions":"2"},"supportedEngines":["Streaming","Batch"],"executionEngine":"Batch","supportedDataRelations":["ValidData"],"lineageProperties":[],"outputsWriter":[{"saveMode":"Overwrite","outputStepName":"RiskSummary1","tableName":"Risk_credit","discardTableName":"","extraOptions":{"checkIfEmpty":"","partitionBy":"","partitionOverwriteEnabled":false,"partitionColumns":"","saveMode":"Overwrite","partitions":""}},{"saveMode":"Overwrite","outputStepName":"RiskSummary","tableName":"Risk_credit","discardTableName":"","extraOptions":{"checkIfEmpty":"","partitionBy":"","partitionOverwriteEnabled":false,"partitionColumns":"","saveMode":"Overwrite","partitions":""}}]},{"name":"Scoring","stepType":"Output","className":"CrossdataOutputStep","classPrettyName":"Crossdata","arity":["NullaryToNullary","NaryToNullary"],"uiConfiguration":{"position":{"x":-1513.5911298131496,"y":-223.56289523209057}},"configuration":{"errorSink":false,"errorTableName":"","priority":"50"},"supportedEngines":["Streaming","Batch"],"executionEngine":"Batch","lineageProperties":[],"outputsWriter":[]},{"name":"Scoringmodel","stepType":"Output","className":"ParquetOutputStep","classPrettyName":"Parquet","arity":["NullaryToNullary","NaryToNullary"],"uiConfiguration":{"position":{"x":-1319.6222283365923,"y":-212.11049866101712}},"configuration":{"priority":"50","path":"/certification/esrios/","errorSink":false,"errorTableName":"","saveOptions":"[]"},"supportedEngines":["Streaming","Batch"],"executionEngine":"Batch","lineageProperties":[],"outputsWriter":[]},{"name":"RiskSummary1","stepType":"Output","className":"CrossdataOutputStep","classPrettyName":"Crossdata","arity":["NullaryToNullary","NaryToNullary"],"uiConfiguration":{"position":{"x":685.0123702139244,"y":-133.16214387173522}},"configuration":{"errorSink":false,"errorTableName":"","priority":"50"},"supportedEngines":["Streaming","Batch"],"executionEngine":"Batch","lineageProperties":[],"outputsWriter":[]},{"name":"RiskSummary","stepType":"Output","className":"ParquetOutputStep","classPrettyName":"Parquet","arity":["NullaryToNullary","NaryToNullary"],"uiConfiguration":{"position":{"x":678.9899041032882,"y":61.903394301687285}},"configuration":{"priority":"50","path":"/certification/esrios/","errorSink":false,"errorTableName":"","saveOptions":"[]"},"supportedEngines":["Streaming","Batch"],"executionEngine":"Batch","lineageProperties":[],"outputsWriter":[]},{"name":"OrderBy","stepType":"Transformation","className":"OrderByTransformStep","classPrettyName":"OrderBy","arity":[],"uiConfiguration":{"position":{"x":-1381.0832678120146,"y":-607.0805745960216}},"configuration":{"orderExp":"ID asc","inputSchemas":"[]","errorTableName":"","priority":"50"},"supportedEngines":["Streaming","Batch"],"executionEngine":"Batch","supportedDataRelations":["ValidData"],"lineageProperties":[],"outputsWriter":[]},{"name":"Distinct","stepType":"Transformation","className":"DistinctTransformStep","classPrettyName":"Distinct","arity":["UnaryToNary"],"uiConfiguration":{"position":{"x":-1592.5685789313925,"y":-613.4251301364602}},"configuration":{"partitions":"","inputSchemas":"[]","errorTableName":"","priority":"50"},"supportedEngines":["Streaming","Batch"],"executionEngine":"Batch","supportedDataRelations":["ValidData"],"lineageProperties":[],"outputsWriter":[]},{"name":"Distinct_1","stepType":"Transformation","className":"DistinctTransformStep","classPrettyName":"Distinct","arity":["UnaryToNary"],"uiConfiguration":{"position":{"x":-1118.8413282913107,"y":-590.1616996839526}},"configuration":{"partitions":"","inputSchemas":"[]","errorTableName":"","priority":"50"},"supportedEngines":["Streaming","Batch"],"executionEngine":"Batch","supportedDataRelations":["ValidData"],"lineageProperties":[],"outputsWriter":[]}],"edges":[{"origin":"Clients","destination":"MlModel","dataType":"ValidData"},{"origin":"MlModel","destination":"Casting","dataType":"ValidData"},{"origin":"Casting","destination":"Probability","dataType":"ValidData"},{"origin":"Probability","destination":"DropColumns","dataType":"ValidData"},{"origin":"Clients_External_Info","destination":"Join","dataType":"ValidData"},{"origin":"DropColumns","destination":"Join","dataType":"ValidData"},{"origin":"Extrem_risk","destination":"ImpagoImpuestos","dataType":"DiscardedData"},{"origin":"Extrem_risk","destination":"RedUnion","dataType":"ValidData"},{"origin":"ImpagoImpuestos","destination":"RedUnion","dataType":"ValidData"},{"origin":"ImpagoImpuestos","destination":"PoliceReport","dataType":"DiscardedData"},{"origin":"PoliceReport","destination":"RedUnion","dataType":"ValidData"},{"origin":"Repartition","destination":"Extrem_risk","dataType":"ValidData"},{"origin":"ContactAudit","destination":"YellowUnion","dataType":"ValidData"},{"origin":"PoliceReport","destination":"ContactAudit","dataType":"DiscardedData"},{"origin":"RedUnion","destination":"AddColumnRed","dataType":"ValidData"},{"origin":"YellowUnion","destination":"AddColumnYellow","dataType":"ValidData"},{"origin":"AddColumnRed","destination":"Union","dataType":"ValidData"},{"origin":"AddColumnYellow","destination":"Union","dataType":"ValidData"},{"origin":"AddColumnGreen","destination":"Union","dataType":"ValidData"},{"origin":"Union","destination":"Repartition_1","dataType":"ValidData"},{"origin":"Persist","destination":"Scoring","dataType":"ValidData"},{"origin":"Persist","destination":"Scoringmodel","dataType":"ValidData"},{"origin":"Repartition_1","destination":"RiskSummary1","dataType":"ValidData"},{"origin":"Repartition_1","destination":"RiskSummary","dataType":"ValidData"},{"origin":"Umbral_Credito","destination":"AddColumnGreen","dataType":"DiscardedData"},{"origin":"ContactAudit","destination":"Umbral_Credito","dataType":"DiscardedData"},{"origin":"Umbral_Credito","destination":"YellowUnion","dataType":"ValidData"},{"origin":"OrderBy","destination":"Persist","dataType":"ValidData"},{"origin":"Distinct","destination":"OrderBy","dataType":"ValidData"},{"origin":"Join","destination":"Distinct","dataType":"ValidData"},{"origin":"Persist","destination":"Distinct_1","dataType":"ValidData"},{"origin":"Distinct_1","destination":"Repartition","dataType":"ValidData"}],"annotations":[],"nodeGroups":[]},"executionEngine":"Batch","workflowType":"SpartaWorkflow","uiSettings":{"position":{"x":1218.313740355566,"y":403.0216235683123,"k":0.5581751961868061}},"creationDate":"2021-08-11T12:15:05Z","lastUpdateDate":"2021-08-13T07:21:57Z","version":1,"readOnly":false,"releaseInProgress":false,"group":{"id":"cd699a4e-284b-41b7-ab36-273985048a0b","name":"/home/data-engineer-esrios","versionSparta":"1.4.0"},"tags":[],"debugMode":false,"versionSparta":"1.4.0","groupId":"cd699a4e-284b-41b7-ab36-273985048a0b","workflowMasterId":"30929b7d-7793-47e9-90f9-1fea8e937984","projectId":"00380bee-d1bb-4a3f-8b4f-2f960b6de13b","normalizedName":"use-model"}