{"id":"3009fbd6-236e-460d-8f46-b8373701c432","name":"creation-data","description":"Creation data ","settings":{"global":{"executionMode":"marathon","driverDockerImage":"{{{SparkConfigurations.SPARK_DRIVER_DOCKER_IMAGE}}}","driverDockerVolumes":"{{{SparkConfigurations.SPARK_DRIVER_DOCKER_VOLUMES}}}","executorDockerImage":"{{{SparkConfigurations.SPARK_EXECUTOR_DOCKER_IMAGE}}}","executorDockerVolumes":"{{{SparkConfigurations.SPARK_EXECUTOR_DOCKER_VOLUMES}}}","userPluginsJars":[],"preExecutionSqlSentences":[],"postExecutionSqlSentences":[],"mesosConstraintOperator":"CLUSTER","parametersLists":["Environment","SparkResources","SparkConfigurations"],"parametersUsed":["SparkConfigurations.SPARK_DRIVER_DOCKER_IMAGE","SparkConfigurations.SPARK_DRIVER_DOCKER_VOLUMES","SparkConfigurations.SPARK_DRIVER_JAVA_OPTIONS","SparkConfigurations.SPARK_DYNAMIC_ALLOCATION_EXECUTOR_ALLOCATION_RATIO","SparkConfigurations.SPARK_DYNAMIC_ALLOCATION_EXECUTOR_IDLE_TIMEOUT","SparkConfigurations.SPARK_DYNAMIC_ALLOCATION_MIN_EXECUTORS","SparkConfigurations.SPARK_DYNAMIC_ALLOCATION_SCHEDULER_BACKLOG_TIMEOUT","SparkConfigurations.SPARK_EXECUTOR_DOCKER_IMAGE","SparkConfigurations.SPARK_EXECUTOR_DOCKER_VOLUMES","SparkConfigurations.SPARK_EXECUTOR_EXTRA_JAVA_OPTIONS","SparkConfigurations.SPARK_HISTORY_SERVER_EVENT_LOG_ROTATE_NUM","SparkConfigurations.SPARK_HISTORY_SERVER_EVENT_LOG_ROTATE_SIZE","SparkConfigurations.SPARK_LOCALITY_WAIT","SparkConfigurations.SPARK_MEMORY_FRACTION","SparkConfigurations.SPARK_TASK_MAX_FAILURES","SparkResources.SPARK_CORES_MAX","SparkResources.SPARK_DRIVER_CORES","SparkResources.SPARK_DRIVER_MEMORY","SparkResources.SPARK_EXECUTOR_CORES","SparkResources.SPARK_EXECUTOR_MEMORY","SparkResources.SPARK_MESOS_SHUTDOWN"],"udfsToRegister":[],"udafsToRegister":[],"marathonDeploymentSettings":{"gracePeriodSeconds":"240","intervalSeconds":"30","timeoutSeconds":"20","maxConsecutiveFailures":"3","forcePullImage":true,"privileged":false,"userEnvVariables":[],"userLabels":[]},"enableQualityRules":true},"streamingSettings":{"window":"2s","backpressure":false,"blockInterval":"100ms","stopGracefully":true,"checkpointSettings":{"checkpointPath":"sparta/checkpoint","enableCheckpointing":true,"autoDeleteCheckpoint":true,"addTimeToCheckpointPath":false,"keepSameCheckpoint":false}},"sparkSettings":{"sparkKerberos":true,"sparkDataStoreTls":true,"sparkMesosSecurity":true,"submitArguments":{"userArguments":[],"deployMode":{},"driverJavaOptions":"{{{SparkConfigurations.SPARK_DRIVER_JAVA_OPTIONS}}}"},"sparkConf":{"sparkResourcesConf":{"coresMax":"{{{SparkResources.SPARK_CORES_MAX}}}","executorMemory":"{{{SparkResources.SPARK_EXECUTOR_MEMORY}}}","executorCores":"{{{SparkResources.SPARK_EXECUTOR_CORES}}}","driverCores":"{{{SparkResources.SPARK_DRIVER_CORES}}}","driverMemory":"{{{SparkResources.SPARK_DRIVER_MEMORY}}}","localityWait":"{{{SparkConfigurations.SPARK_LOCALITY_WAIT}}}","taskMaxFailures":"{{{SparkConfigurations.SPARK_TASK_MAX_FAILURES}}}","sparkMemoryFraction":"{{{SparkConfigurations.SPARK_MEMORY_FRACTION}}}","executorInstances":"1"},"sparkHistoryServerConf":{"enableHistoryServerMonitoring":false,"sparkHistoryServerEventLogRotateEnable":false,"sparkHistoryServerEventLogRotateNum":"{{{SparkConfigurations.SPARK_HISTORY_SERVER_EVENT_LOG_ROTATE_NUM}}}","sparkHistoryServerEventLogRotateSize":"{{{SparkConfigurations.SPARK_HISTORY_SERVER_EVENT_LOG_ROTATE_SIZE}}}"},"sparkDynamicAllocationConf":{"enableDynamicAllocation":false,"sparkDynamicAllocationExecutorIdleTimeout":"{{{SparkConfigurations.SPARK_DYNAMIC_ALLOCATION_EXECUTOR_IDLE_TIMEOUT}}}","sparkDynamicAllocationMinExecutors":"{{{SparkConfigurations.SPARK_DYNAMIC_ALLOCATION_MIN_EXECUTORS}}}","sparkDynamicAllocationExecutorAllocationRatio":"{{{SparkConfigurations.SPARK_DYNAMIC_ALLOCATION_EXECUTOR_ALLOCATION_RATIO}}}","sparkDynamicAllocationSchedulerBacklogTimeout":"{{{SparkConfigurations.SPARK_DYNAMIC_ALLOCATION_SCHEDULER_BACKLOG_TIMEOUT}}}","sparkDynamicAllocationVolumeShuffle":"/var/lib/spark_data"},"userSparkConf":[],"coarse":true,"sparkUser":"root","sparkVolumeShuffle":"/var/lib/spark_data_nodynamic","sparkKryoSerialization":false,"sparkSqlCaseSensitive":true,"logStagesProgress":false,"hdfsTokenCache":true,"executorExtraJavaOptions":"{{{SparkConfigurations.SPARK_EXECUTOR_EXTRA_JAVA_OPTIONS}}}","stopGracefullyTimeout":"{{{SparkResources.SPARK_MESOS_SHUTDOWN}}}"}},"errorsManagement":{"genericErrorManagement":{"whenError":"Error"},"transformationStepsManagement":{"whenError":"Error","whenRowError":"RowError","whenFieldError":"FieldError"},"transactionsManagement":{"sendToOutputs":[],"sendStepData":false,"sendPredecessorsData":true,"sendInputData":true}},"pythonEnvDefinition":{"definition":"name: rocket-default\n\nchannels:\n  - defaults\n\ndependencies:\n  - python=3.7.6\n  - pip=20.2.2\n  - pip:\n      - mlflow==1.11.0\n      - pyspark==2.4.4\n      - pyarrow==0.14.1\n      - scikit-learn==0.22.1\n\n"}},"pipelineGraph":{"nodes":[{"name":"germancreditdata","stepType":"Input","className":"CrossdataInputStep","classPrettyName":"Crossdata","arity":["NullaryToNary"],"uiConfiguration":{"position":{"x":35.41621398925781,"y":-7.308113098144531}},"configuration":{"crossdata":"{\"database\":\"default\",\"table\":\"german_credit_data\"}","debugOptions":"{\"description\":\"German credit mock data\",\"mockType\":\"SqlQuery\",\"mockMetadata\":{\"sqlQuery\":\"select * from german_credit_data limit 100\",\"limit\":\"\"},\"properties\":{}}","errorTableName":"","priority":"50"},"supportedEngines":["Batch"],"executionEngine":"Batch","supportedDataRelations":["ValidData"],"lineageProperties":[],"outputsWriter":[]},{"name":"Trigger","stepType":"Transformation","className":"TriggerTransformStep","classPrettyName":"Trigger","arity":["NaryToNary"],"uiConfiguration":{"position":{"x":266.7891845703125,"y":-10.340538024902344}},"configuration":{"sql":"SELECT ID, Age, Job, Credit_amount, Duration,\n\tif(Purpose = 'car', 1, 0) as Purpose_car,\n\tif(Purpose = 'domestic appliances', 1, 0) as Purpose_domestic_appliances,\n\tif(Purpose = 'education', 1, 0) as Purpose_education,\n\tif(Purpose = 'furniture/equipment', 1, 0) as Purpose_furniture_equipment,\n\tif(Purpose = 'radio/TV', 1, 0) as Purpose_radio_TV,\n\tif(Purpose = 'repairs', 1, 0) as Purpose_repairs,\n\tif(Purpose = 'vacation/others', 1, 0) as Purpose_vacation_others,\n\tif(Sex = 'male', 1, 0) as Sex_male,\n\tif(Housing = 'own', 1, 0) as Housing_own,\n\tif(Housing = 'rent', 1, 0) as Housing_rent,\n\tif(Saving_accounts = 'moderate', 1, 0) as Savings_moderate,\n\tif(Saving_accounts = 'NA', 1, 0) as Savings_no_inf,\n\tif(Saving_accounts = 'quite rich', 1, 0) as Savings_quite_rich,\n\tif(Saving_accounts = 'rich', 1, 0) as Savings_rich,\n\tif(Risk = 'bad', 1, 0) as Risk_bad,\n\tif(Checking_account = 'moderate', 1, 0) as Check_moderate,\n\tif(Checking_account = 'NA', 1, 0) as Check_no_inf,\n\tif(Checking_account = 'rich', 1, 0) as Check_rich,\n\tif(Age <= 30, 1, 0) as Age_cat_Young,\n\tif(Age >= 31 AND Age <= 65, 1, 0) as Age_cat_Adult,\n\tif(Age >= 66, 1, 0) as Age_cat_Senior\nFROM germancreditdata\n\n","priority":"50","discardConditions":"[]","inputSchemas":"[]","errorTableName":"","executeSqlWhenEmpty":true},"supportedEngines":["Batch"],"executionEngine":"Batch","supportedDataRelations":["ValidData","DiscardedData"],"lineageProperties":[],"outputsWriter":[]},{"name":"AddColumns","stepType":"Transformation","className":"AddColumnsTransformStep","classPrettyName":"AddColumns","arity":["UnaryToNary"],"uiConfiguration":{"position":{"x":503.2161865234375,"y":-9.329727172851562}},"configuration":{"priority":"50","selectType":"EXPRESSION","addColumnExpressionList":[{"addColumnExpression":"RAND()","addColumnAlias":"Number_Random_Test_Training"}],"inputSchemas":"[]","errorTableName":""},"supportedEngines":["Streaming","Batch"],"executionEngine":"Batch","supportedDataRelations":["ValidData"],"lineageProperties":[],"outputsWriter":[]},{"name":"Testing","stepType":"Transformation","className":"FilterTransformStep","classPrettyName":"Filter","arity":["UnaryToNary"],"uiConfiguration":{"position":{"x":749.7512817382812,"y":-162.37838745117188}},"configuration":{"filterExp":"Number_Random_Test_Training <= 0.2","inputSchemas":"[]","errorTableName":"","priority":"50"},"supportedEngines":["Streaming","Batch"],"executionEngine":"Batch","supportedDataRelations":["ValidData","DiscardedData"],"lineageProperties":[],"outputsWriter":[]},{"name":"Training","stepType":"Transformation","className":"FilterTransformStep","classPrettyName":"Filter","arity":["UnaryToNary"],"uiConfiguration":{"position":{"x":757.8378295898438,"y":102.27566528320312}},"configuration":{"filterExp":"Number_Random_Test_Training > 0.2","inputSchemas":"[]","errorTableName":"","priority":"50"},"supportedEngines":["Streaming","Batch"],"executionEngine":"Batch","supportedDataRelations":["ValidData","DiscardedData"],"lineageProperties":[],"outputsWriter":[]},{"name":"DropExtra_Test","stepType":"Transformation","className":"DropColumnsTransformStep","classPrettyName":"DropColumns","arity":["UnaryToNary"],"description":"Drop unnecessary columns","uiConfiguration":{"position":{"x":984.15673828125,"y":-162.37838745117188}},"configuration":{"schema.fields":[{"name":"Attrition"},{"name":"Number_Random_Test_Training"}],"inputSchemas":"[]","errorTableName":"","priority":"50"},"supportedEngines":["Streaming","Batch"],"executionEngine":"Batch","supportedDataRelations":["ValidData"],"lineageProperties":[],"outputsWriter":[{"saveMode":"Append","outputStepName":"Parquet","tableName":"credit_risk_data","discardTableName":"","extraOptions":{"checkIfEmpty":"","partitionBy":"","partitionColumns":"","saveMode":"Append","partitions":""}}]},{"name":"DropExtra_Training","stepType":"Transformation","className":"DropColumnsTransformStep","classPrettyName":"DropColumns","arity":["UnaryToNary"],"uiConfiguration":{"position":{"x":1007.4053955078125,"y":103.28648376464844}},"configuration":{"schema.fields":[{"name":"Attrition"},{"name":"Number_Random_Test_Training"}],"inputSchemas":"[]","errorTableName":"","priority":"50"},"supportedEngines":["Streaming","Batch"],"executionEngine":"Batch","supportedDataRelations":["ValidData"],"lineageProperties":[],"outputsWriter":[{"saveMode":"Append","outputStepName":"Crossdata","tableName":"credit_risk_data","discardTableName":"","extraOptions":{"checkIfEmpty":"","partitionBy":"","partitionColumns":"","saveMode":"Append","partitions":""}}]},{"name":"Parquet","stepType":"Output","className":"ParquetOutputStep","classPrettyName":"Parquet","arity":["NullaryToNullary","NaryToNullary"],"uiConfiguration":{"position":{"x":1262.027099609375,"y":-162.37838745117188}},"configuration":{"priority":"50","path":"/certification/students/esrios/","errorSink":false,"errorTableName":"","saveOptions":"[]"},"supportedEngines":["Streaming","Batch"],"executionEngine":"Batch","lineageProperties":[],"outputsWriter":[]},{"name":"Crossdata","stepType":"Output","className":"CrossdataOutputStep","classPrettyName":"Crossdata","arity":["NullaryToNullary","NaryToNullary"],"uiConfiguration":{"position":{"x":1280.226986776816,"y":107.49189007733318}},"configuration":{"errorSink":false,"errorTableName":"","priority":"50"},"supportedEngines":["Streaming","Batch"],"executionEngine":"Batch","lineageProperties":[],"outputsWriter":[]}],"edges":[{"origin":"germancreditdata","destination":"Trigger","dataType":"ValidData"},{"origin":"AddColumns","destination":"Testing","dataType":"ValidData"},{"origin":"AddColumns","destination":"Training","dataType":"ValidData"},{"origin":"Testing","destination":"DropExtra_Test","dataType":"ValidData"},{"origin":"Training","destination":"DropExtra_Training","dataType":"ValidData"},{"origin":"Trigger","destination":"AddColumns","dataType":"ValidData"},{"origin":"DropExtra_Test","destination":"Parquet","dataType":"ValidData"},{"origin":"DropExtra_Training","destination":"Crossdata","dataType":"ValidData"}],"annotations":[],"nodeGroups":[]},"executionEngine":"Batch","workflowType":"SpartaWorkflow","uiSettings":{"position":{"x":49.465240641711226,"y":268.6577540106952,"k":0.9893048128342246}},"creationDate":"2021-08-03T11:28:42Z","lastUpdateDate":"2021-08-04T11:41:44Z","version":0,"readOnly":false,"releaseInProgress":false,"group":{"id":"cd699a4e-284b-41b7-ab36-273985048a0b","name":"/home/data-engineer-esrios","versionSparta":"1.4.0"},"tags":[],"debugMode":false,"versionSparta":"1.4.0","groupId":"cd699a4e-284b-41b7-ab36-273985048a0b","workflowMasterId":"9b01b81e-8ca1-49d8-9d5d-3672d51f5838","projectId":"00380bee-d1bb-4a3f-8b4f-2f960b6de13b","normalizedName":"creation-data"}