{"exported":[{"assetName":"use-model","groupName":"/home/data-engineer-esrios","assetType":"Workflow","icon":"BatchIcon","assetId":"30929b7d-7793-47e9-90f9-1fea8e937984","assetVersionId":"4a37d3f1-59f4-4bc4-8728-5ef6128bbdef","version":1}],"dependencies":{"assets":[{"assetName":"model","groupName":"/home/data-engineer-esrios","assetType":"MlModel","icon":"MlModelIcon","assetId":"4fbfe7a7-45a3-4480-a56a-26a9e2bb6c0f","assetVersionId":"5e85ea08-ef93-4959-912f-548b87ad2b4c","version":0}],"extensions":[],"templates":[],"parameterLists":[],"mocks":[],"gitConnections":[]}}